{"cameraMode":{"drawMode":0,"name":"Shaded","section":"Shading Mode"},"sceneLighting":true,"audioPlay":false,"sceneViewState":{"showFog":true,"showMaterialUpdate":false,"showSkybox":true,"showFlares":true,"showImageEffects":true,"showParticleSystems":true},"in2DMode":false,"pivot":{"x":339.4175720214844,"y":-268.9202880859375,"z":-15.210399627685547},"rotation":{"x":0.17778804898262025,"y":0.7009140253067017,"z":-0.1874467134475708,"w":0.6648378968238831},"size":882.7704467773438,"orthographic":false}