{"cameraMode":{"drawMode":0,"name":"Shaded","section":"Shading Mode"},"sceneLighting":false,"audioPlay":false,"sceneViewState":{"showFog":true,"showMaterialUpdate":false,"showSkybox":false,"showFlares":true,"showImageEffects":true,"showParticleSystems":true},"in2DMode":false,"pivot":{"x":0.08426189422607422,"y":9.553999900817871,"z":0.06403923034667969},"rotation":{"x":0.2840118408203125,"y":0.709520697593689,"z":-0.39579200744628909,"w":0.5092262029647827},"size":38.34132385253906,"orthographic":false}