{"cameraMode":{"drawMode":0,"name":"Shaded","section":"Shading Mode"},"sceneLighting":false,"audioPlay":false,"sceneViewState":{"showFog":true,"showMaterialUpdate":false,"showSkybox":false,"showFlares":true,"showImageEffects":true,"showParticleSystems":true},"in2DMode":false,"pivot":{"x":2.076512098312378,"y":9.263985633850098,"z":5.77286958694458},"rotation":{"x":0.25926217436790469,"y":0.7183921933174133,"z":-0.5493230819702148,"w":0.339080274105072},"size":2.62207293510437,"orthographic":false}