{"cameraMode":{"drawMode":0,"name":"Shaded","section":"Shading Mode"},"sceneLighting":false,"audioPlay":false,"sceneViewState":{"showFog":true,"showMaterialUpdate":false,"showSkybox":false,"showFlares":true,"showImageEffects":true,"showParticleSystems":true},"in2DMode":false,"pivot":{"x":-0.43976736068725588,"y":5.942086696624756,"z":0.3735923767089844},"rotation":{"x":0.2840118408203125,"y":0.709520697593689,"z":-0.39579200744628909,"w":0.5092262029647827},"size":116.16548919677735,"orthographic":false}