{"cameraMode":{"drawMode":0,"name":"Shaded","section":"Shading Mode"},"sceneLighting":false,"audioPlay":false,"sceneViewState":{"showFog":true,"showMaterialUpdate":false,"showSkybox":false,"showFlares":true,"showImageEffects":true,"showParticleSystems":true},"in2DMode":false,"pivot":{"x":-0.7126966714859009,"y":0.9613995552062988,"z":0.23134231567382813},"rotation":{"x":-0.004403098486363888,"y":0.7918305397033691,"z":0.005684856791049242,"w":0.6107338666915894},"size":8.961701393127442,"orthographic":false}