{"cameraMode":{"drawMode":0,"name":"Shaded","section":"Shading Mode"},"sceneLighting":true,"audioPlay":false,"sceneViewState":{"showFog":true,"showMaterialUpdate":true,"showSkybox":true,"showFlares":true,"showImageEffects":true,"showParticleSystems":true},"in2DMode":false,"pivot":{"x":-13.306438446044922,"y":-11.71835708618164,"z":42.52458190917969},"rotation":{"x":-0.12965169548988343,"y":0.7202563881874085,"z":-0.14001400768756867,"w":-0.6669514179229736},"size":33.15208435058594,"orthographic":false}